expense_id,employee_id,category,amount,approval_status,date,project_id
EXP-0001,EMP-0104,travel,6200,approved,2026-04-22,PRJ-004
EXP-0002,EMP-0243,client_entertainment,30079,rejected,2026-04-22,PRJ-029
EXP-0003,EMP-0176,software,22661,submitted,2026-04-02,PRJ-025
EXP-0004,EMP-0049,software,26636,approved,2026-02-28,PRJ-008
EXP-0005,EMP-0187,software,14040,approved,2026-05-31,PRJ-017
EXP-0006,EMP-0044,meals,24224,approved,2026-04-07,PRJ-029
EXP-0007,EMP-0164,client_entertainment,35244,approved,2026-06-02,PRJ-002
EXP-0008,EMP-0170,meals,43032,approved,2026-01-13,PRJ-023
EXP-0009,EMP-0030,transport,29318,submitted,2026-02-01,PRJ-018
EXP-0010,EMP-0065,office_supplies,46197,pending,2026-02-22,PRJ-023
EXP-0011,EMP-0176,travel,19933,submitted,2026-06-19,PRJ-004
EXP-0012,EMP-0170,telecom,17893,pending,2026-04-18,PRJ-027
EXP-0013,EMP-0231,meals,33727,approved,2026-03-14,PRJ-004
EXP-0014,EMP-0201,meals,32819,pending,2026-06-05,PRJ-007
EXP-0015,EMP-0200,client_entertainment,34484,pending,2026-04-02,PRJ-023
EXP-0016,EMP-0105,client_entertainment,10710,approved,2026-05-21,PRJ-016
EXP-0017,EMP-0234,hardware,45302,submitted,2026-03-26,PRJ-008
EXP-0018,EMP-0001,travel,44216,approved,2026-01-29,PRJ-027
EXP-0019,EMP-0147,office_supplies,9974,approved,2026-07-19,PRJ-017
EXP-0020,EMP-0020,meals,16970,pending,2026-04-27,PRJ-010
EXP-0021,EMP-0068,office_supplies,3482,approved,2026-07-28,PRJ-006
EXP-0022,EMP-0224,travel,19242,rejected,2026-07-25,PRJ-022
EXP-0023,EMP-0081,transport,48600,approved,2026-01-25,PRJ-028
EXP-0024,EMP-0195,travel,833,pending,2026-06-19,PRJ-021
EXP-0025,EMP-0044,training,23630,submitted,2026-06-09,PRJ-009
EXP-0026,EMP-0225,meals,24620,rejected,2026-02-16,PRJ-004
EXP-0027,EMP-0103,transport,30119,rejected,2026-04-09,PRJ-023
EXP-0028,EMP-0218,office_supplies,27839,pending,2026-01-29,PRJ-005
EXP-0029,EMP-0179,travel,10646,approved,2026-04-17,PRJ-030
EXP-0030,EMP-0152,office_supplies,37486,submitted,2026-02-16,PRJ-020
EXP-0031,EMP-0098,training,40265,approved,2026-06-25,PRJ-029
EXP-0032,EMP-0215,software,31859,submitted,2026-01-29,PRJ-029
EXP-0033,EMP-0106,office_supplies,3212,approved,2026-03-08,PRJ-021
EXP-0034,EMP-0081,travel,46374,pending,2026-06-21,PRJ-028
EXP-0035,EMP-0087,telecom,34482,approved,2026-04-21,PRJ-022
EXP-0036,EMP-0187,hardware,31783,rejected,2026-06-19,PRJ-022
EXP-0037,EMP-0165,transport,9942,approved,2026-01-03,PRJ-021
EXP-0038,EMP-0240,software,33332,submitted,2026-05-07,PRJ-028
EXP-0039,EMP-0043,meals,49445,submitted,2026-03-24,PRJ-008
EXP-0040,EMP-0085,client_entertainment,3499,pending,2026-05-21,PRJ-021
EXP-0041,EMP-0097,transport,15600,approved,2026-04-28,PRJ-015
EXP-0042,EMP-0206,miscellaneous,29566,approved,2026-05-08,PRJ-015
EXP-0043,EMP-0081,meals,32795,approved,2026-01-27,PRJ-013
EXP-0044,EMP-0106,travel,36712,approved,2026-01-24,PRJ-026
EXP-0045,EMP-0155,miscellaneous,41981,rejected,2026-05-11,PRJ-018
EXP-0046,EMP-0053,office_supplies,22538,rejected,2026-01-14,PRJ-027
EXP-0047,EMP-0058,office_supplies,21956,submitted,2026-07-03,PRJ-022
EXP-0048,EMP-0094,office_supplies,7672,approved,2026-07-14,PRJ-022
EXP-0049,EMP-0057,travel,22571,rejected,2026-06-12,PRJ-026
EXP-0050,EMP-0075,telecom,34408,rejected,2026-06-29,PRJ-004
EXP-0051,EMP-0012,software,32471,pending,2026-07-30,PRJ-023
EXP-0052,EMP-0191,transport,7209,rejected,2026-06-06,PRJ-007
EXP-0053,EMP-0049,meals,25948,pending,2026-04-28,PRJ-027
EXP-0054,EMP-0201,hardware,47175,rejected,2026-01-28,PRJ-025
EXP-0055,EMP-0107,travel,41700,approved,2026-07-17,PRJ-029
EXP-0056,EMP-0116,office_supplies,43352,pending,2026-05-08,PRJ-001
EXP-0057,EMP-0136,travel,36456,submitted,2026-05-30,PRJ-016
EXP-0058,EMP-0237,telecom,11813,pending,2026-07-07,PRJ-027
EXP-0059,EMP-0033,meals,25589,rejected,2026-05-10,PRJ-029
EXP-0060,EMP-0099,transport,40111,pending,2026-03-12,PRJ-013
EXP-0061,EMP-0247,training,19478,submitted,2026-07-26,PRJ-005
EXP-0062,EMP-0036,transport,39687,rejected,2026-06-29,PRJ-018
EXP-0063,EMP-0221,training,46853,pending,2026-02-21,PRJ-007
EXP-0064,EMP-0160,client_entertainment,45197,rejected,2026-06-22,PRJ-005
EXP-0065,EMP-0182,software,33223,rejected,2026-07-01,PRJ-004
EXP-0066,EMP-0195,training,37049,submitted,2026-05-30,PRJ-019
EXP-0067,EMP-0242,transport,44387,rejected,2026-04-19,PRJ-026
EXP-0068,EMP-0004,telecom,7177,approved,2026-04-08,PRJ-005
EXP-0069,EMP-0014,travel,13300,rejected,2026-07-12,PRJ-026
EXP-0070,EMP-0042,client_entertainment,44986,rejected,2026-02-07,PRJ-027
EXP-0071,EMP-0016,client_entertainment,13569,approved,2026-04-02,PRJ-027
EXP-0072,EMP-0116,meals,40577,pending,2026-07-10,PRJ-021
EXP-0073,EMP-0144,transport,15771,rejected,2026-06-27,PRJ-022
EXP-0074,EMP-0013,transport,25598,submitted,2026-07-21,PRJ-022
EXP-0075,EMP-0081,telecom,3725,approved,2026-07-10,PRJ-009
EXP-0076,EMP-0052,miscellaneous,29236,pending,2026-06-12,PRJ-023
EXP-0077,EMP-0182,training,49686,pending,2026-07-18,PRJ-024
EXP-0078,EMP-0247,hardware,19479,submitted,2026-02-15,PRJ-022
EXP-0079,EMP-0020,software,11589,approved,2026-04-07,PRJ-002
EXP-0080,EMP-0110,client_entertainment,36677,rejected,2026-02-03,PRJ-006
EXP-0081,EMP-0150,client_entertainment,569,rejected,2026-04-30,PRJ-023
EXP-0082,EMP-0240,software,2817,pending,2026-03-24,PRJ-020
EXP-0083,EMP-0014,miscellaneous,43577,rejected,2026-05-06,PRJ-026
EXP-0084,EMP-0147,telecom,23667,approved,2026-07-20,PRJ-023
EXP-0085,EMP-0082,telecom,14615,pending,2026-05-14,PRJ-003
EXP-0086,EMP-0202,telecom,10644,submitted,2026-05-20,PRJ-018
EXP-0087,EMP-0104,meals,23098,pending,2026-02-24,PRJ-022
EXP-0088,EMP-0085,training,23845,rejected,2026-02-25,PRJ-025
EXP-0089,EMP-0159,telecom,31320,approved,2026-01-30,PRJ-022
EXP-0090,EMP-0089,office_supplies,15951,pending,2026-01-11,PRJ-022
EXP-0091,EMP-0227,training,25193,approved,2026-04-09,PRJ-009
EXP-0092,EMP-0139,client_entertainment,1819,rejected,2026-05-12,PRJ-026
EXP-0093,EMP-0131,office_supplies,32103,approved,2026-03-17,PRJ-029
EXP-0094,EMP-0167,hardware,21192,approved,2026-01-25,PRJ-006
EXP-0095,EMP-0249,telecom,35144,approved,2026-06-10,PRJ-003
EXP-0096,EMP-0054,hardware,45118,submitted,2026-01-27,PRJ-007
EXP-0097,EMP-0138,transport,42573,approved,2026-07-11,PRJ-022
EXP-0098,EMP-0040,travel,30295,rejected,2026-01-10,PRJ-003
EXP-0099,EMP-0019,travel,11864,rejected,2026-05-23,PRJ-003
EXP-0100,EMP-0148,hardware,17150,submitted,2026-04-10,PRJ-015
EXP-0101,EMP-0162,transport,28578,rejected,2026-01-05,PRJ-013
EXP-0102,EMP-0173,meals,35250,approved,2026-06-14,PRJ-024
EXP-0103,EMP-0159,meals,49742,approved,2026-06-29,PRJ-028
EXP-0104,EMP-0019,training,33153,approved,2026-03-16,PRJ-026
EXP-0105,EMP-0176,client_entertainment,39951,approved,2026-03-14,PRJ-025
EXP-0106,EMP-0238,office_supplies,25196,submitted,2026-07-30,PRJ-022
EXP-0107,EMP-0008,office_supplies,10444,pending,2026-02-04,PRJ-024
EXP-0108,EMP-0101,telecom,19531,pending,2026-03-18,PRJ-022
EXP-0109,EMP-0228,training,930,pending,2026-02-01,PRJ-002
EXP-0110,EMP-0002,miscellaneous,39302,submitted,2026-05-18,PRJ-018
EXP-0111,EMP-0243,meals,20168,pending,2026-07-11,PRJ-024
EXP-0112,EMP-0232,training,14076,submitted,2026-06-15,PRJ-028
EXP-0113,EMP-0132,software,10748,pending,2026-02-26,PRJ-020
EXP-0114,EMP-0214,client_entertainment,12935,approved,2026-02-16,PRJ-022
EXP-0115,EMP-0205,miscellaneous,3764,submitted,2026-06-15,PRJ-018
EXP-0116,EMP-0019,client_entertainment,44219,approved,2026-03-06,PRJ-004
EXP-0117,EMP-0051,miscellaneous,32128,rejected,2026-04-02,PRJ-005
EXP-0118,EMP-0172,hardware,6756,rejected,2026-06-08,PRJ-003
EXP-0119,EMP-0231,hardware,21026,submitted,2026-04-26,PRJ-011
EXP-0120,EMP-0158,client_entertainment,45646,pending,2026-05-25,PRJ-019
EXP-0121,EMP-0094,training,28269,pending,2026-01-02,PRJ-011
EXP-0122,EMP-0064,hardware,46874,submitted,2026-03-12,PRJ-027
EXP-0123,EMP-0093,software,44736,rejected,2026-05-03,PRJ-015
EXP-0124,EMP-0115,training,20219,submitted,2026-05-22,PRJ-004
EXP-0125,EMP-0045,miscellaneous,5572,rejected,2026-02-05,PRJ-029
EXP-0126,EMP-0138,hardware,17451,approved,2026-07-06,PRJ-003
EXP-0127,EMP-0229,travel,33438,approved,2026-07-28,PRJ-019
EXP-0128,EMP-0149,transport,38868,pending,2026-01-10,PRJ-018
EXP-0129,EMP-0067,telecom,35568,submitted,2026-06-17,PRJ-025
EXP-0130,EMP-0039,training,25922,pending,2026-07-17,PRJ-019
EXP-0131,EMP-0188,client_entertainment,8974,submitted,2026-05-09,PRJ-017
EXP-0132,EMP-0024,transport,24046,approved,2026-06-19,PRJ-008
EXP-0133,EMP-0218,miscellaneous,45037,pending,2026-07-13,PRJ-017
EXP-0134,EMP-0036,office_supplies,10634,pending,2026-05-25,PRJ-019
EXP-0135,EMP-0169,software,48429,submitted,2026-04-02,PRJ-002
EXP-0136,EMP-0057,office_supplies,15387,approved,2026-03-09,PRJ-012
EXP-0137,EMP-0060,travel,44016,pending,2026-05-13,PRJ-030
EXP-0138,EMP-0203,training,25634,submitted,2026-04-27,PRJ-029
EXP-0139,EMP-0012,travel,42701,rejected,2026-01-27,PRJ-023
EXP-0140,EMP-0248,telecom,41721,rejected,2026-07-09,PRJ-009
EXP-0141,EMP-0149,telecom,37566,pending,2026-04-07,PRJ-021
EXP-0142,EMP-0097,training,38714,approved,2026-05-13,PRJ-009
EXP-0143,EMP-0097,hardware,34040,submitted,2026-04-01,PRJ-027
EXP-0144,EMP-0223,training,32106,submitted,2026-06-04,PRJ-001
EXP-0145,EMP-0129,software,29029,pending,2026-02-28,PRJ-003
EXP-0146,EMP-0132,client_entertainment,14061,pending,2026-02-17,PRJ-006
EXP-0147,EMP-0093,miscellaneous,47209,approved,2026-06-19,PRJ-008
EXP-0148,EMP-0107,training,47402,approved,2026-05-04,PRJ-022
EXP-0149,EMP-0123,office_supplies,14008,pending,2026-06-15,PRJ-027
EXP-0150,EMP-0106,travel,16169,approved,2026-02-02,PRJ-019
EXP-0151,EMP-0152,software,9029,approved,2026-05-27,PRJ-005
EXP-0152,EMP-0015,software,17125,pending,2026-05-13,PRJ-013
EXP-0153,EMP-0154,miscellaneous,41987,approved,2026-07-04,PRJ-024
EXP-0154,EMP-0170,client_entertainment,5819,pending,2026-04-25,PRJ-020
EXP-0155,EMP-0121,office_supplies,11378,pending,2026-04-16,PRJ-020
EXP-0156,EMP-0037,miscellaneous,12119,rejected,2026-02-12,PRJ-024
EXP-0157,EMP-0176,training,29918,approved,2026-02-28,PRJ-013
EXP-0158,EMP-0099,software,7315,approved,2026-02-21,PRJ-017
EXP-0159,EMP-0221,telecom,45050,submitted,2026-02-08,PRJ-020
EXP-0160,EMP-0025,software,31386,approved,2026-07-20,PRJ-018
EXP-0161,EMP-0129,meals,6307,submitted,2026-06-18,PRJ-005
EXP-0162,EMP-0231,miscellaneous,35542,approved,2026-07-18,PRJ-022
EXP-0163,EMP-0167,transport,34412,submitted,2026-04-05,PRJ-028
EXP-0164,EMP-0012,telecom,28312,pending,2026-07-25,PRJ-016
EXP-0165,EMP-0203,transport,23171,approved,2026-04-19,PRJ-005
EXP-0166,EMP-0066,office_supplies,15437,approved,2026-03-14,PRJ-020
EXP-0167,EMP-0225,telecom,26981,rejected,2026-02-18,PRJ-001
EXP-0168,EMP-0182,travel,38078,approved,2026-05-14,PRJ-001
EXP-0169,EMP-0097,hardware,45273,rejected,2026-04-15,PRJ-012
EXP-0170,EMP-0028,software,28123,rejected,2026-03-08,PRJ-028
EXP-0171,EMP-0138,transport,37206,rejected,2026-06-06,PRJ-009
EXP-0172,EMP-0175,transport,49677,pending,2026-04-16,PRJ-018
EXP-0173,EMP-0201,telecom,31819,pending,2026-04-05,PRJ-018
EXP-0174,EMP-0143,office_supplies,16831,rejected,2026-05-28,PRJ-012
EXP-0175,EMP-0199,transport,48420,pending,2026-06-18,PRJ-004
EXP-0176,EMP-0192,hardware,29468,pending,2026-01-26,PRJ-007
EXP-0177,EMP-0131,transport,22379,approved,2026-02-11,PRJ-013
EXP-0178,EMP-0247,travel,6169,pending,2026-05-01,PRJ-030
EXP-0179,EMP-0154,transport,5976,approved,2026-03-09,PRJ-008
EXP-0180,EMP-0095,meals,40113,approved,2026-07-05,PRJ-013
EXP-0181,EMP-0239,transport,40436,rejected,2026-07-02,PRJ-020
EXP-0182,EMP-0015,software,42162,submitted,2026-04-23,PRJ-001
EXP-0183,EMP-0052,telecom,18943,pending,2026-01-09,PRJ-026
EXP-0184,EMP-0154,telecom,34004,pending,2026-06-07,PRJ-006
EXP-0185,EMP-0173,travel,23775,pending,2026-06-17,PRJ-001
EXP-0186,EMP-0250,software,5891,rejected,2026-07-19,PRJ-013
EXP-0187,EMP-0091,transport,26771,pending,2026-05-13,PRJ-001
EXP-0188,EMP-0189,meals,6109,rejected,2026-07-05,PRJ-027
EXP-0189,EMP-0144,miscellaneous,23012,rejected,2026-07-28,PRJ-009
EXP-0190,EMP-0058,miscellaneous,12948,submitted,2026-04-14,PRJ-019
EXP-0191,EMP-0002,client_entertainment,11671,submitted,2026-05-10,PRJ-004
EXP-0192,EMP-0144,meals,33175,rejected,2026-03-29,PRJ-004
EXP-0193,EMP-0206,telecom,17088,rejected,2026-06-27,PRJ-015
EXP-0194,EMP-0248,transport,37107,submitted,2026-07-17,PRJ-008
EXP-0195,EMP-0194,training,30271,submitted,2026-05-31,PRJ-028
EXP-0196,EMP-0008,office_supplies,7819,rejected,2026-01-18,PRJ-013
EXP-0197,EMP-0163,hardware,44562,pending,2026-07-24,PRJ-011
EXP-0198,EMP-0106,training,34049,approved,2026-06-29,PRJ-027
EXP-0199,EMP-0068,hardware,19027,approved,2026-04-13,PRJ-022
EXP-0200,EMP-0192,training,5182,pending,2026-05-02,PRJ-011
EXP-0201,EMP-0091,hardware,37798,rejected,2026-02-16,PRJ-024
EXP-0202,EMP-0175,hardware,32902,pending,2026-03-02,PRJ-024
EXP-0203,EMP-0062,client_entertainment,13751,pending,2026-02-21,PRJ-027
EXP-0204,EMP-0064,miscellaneous,23532,pending,2026-07-19,PRJ-004
EXP-0205,EMP-0031,meals,44490,submitted,2026-06-07,PRJ-001
EXP-0206,EMP-0196,telecom,2969,submitted,2026-04-06,PRJ-020
EXP-0207,EMP-0081,office_supplies,37851,rejected,2026-05-06,PRJ-006
EXP-0208,EMP-0196,telecom,18567,submitted,2026-02-26,PRJ-025
EXP-0209,EMP-0148,software,3748,submitted,2026-05-03,PRJ-018
EXP-0210,EMP-0011,telecom,22959,submitted,2026-06-25,PRJ-025
EXP-0211,EMP-0045,office_supplies,8088,submitted,2026-03-22,PRJ-023
EXP-0212,EMP-0003,travel,44378,pending,2026-04-08,PRJ-019
EXP-0213,EMP-0026,training,23897,rejected,2026-02-17,PRJ-018
EXP-0214,EMP-0068,hardware,17855,submitted,2026-06-06,PRJ-011
EXP-0215,EMP-0094,software,32887,submitted,2026-02-23,PRJ-014
EXP-0216,EMP-0180,training,24125,submitted,2026-03-13,PRJ-015
EXP-0217,EMP-0047,miscellaneous,8794,pending,2026-07-28,PRJ-004
EXP-0218,EMP-0185,client_entertainment,15653,submitted,2026-04-08,PRJ-007
EXP-0219,EMP-0038,software,31197,approved,2026-02-15,PRJ-014
EXP-0220,EMP-0128,software,41530,rejected,2026-07-21,PRJ-016
EXP-0221,EMP-0077,client_entertainment,37040,approved,2026-04-12,PRJ-004
EXP-0222,EMP-0177,software,4134,pending,2026-07-28,PRJ-009
EXP-0223,EMP-0122,meals,29681,rejected,2026-03-08,PRJ-012
EXP-0224,EMP-0093,telecom,36735,rejected,2026-03-30,PRJ-001
EXP-0225,EMP-0106,meals,23209,pending,2026-05-28,PRJ-019
EXP-0226,EMP-0167,telecom,11638,rejected,2026-04-01,PRJ-011
EXP-0227,EMP-0173,telecom,32148,submitted,2026-01-21,PRJ-013
EXP-0228,EMP-0158,client_entertainment,30592,pending,2026-02-12,PRJ-021
EXP-0229,EMP-0207,training,27844,submitted,2026-01-19,PRJ-003
EXP-0230,EMP-0042,training,15156,rejected,2026-03-23,PRJ-021
EXP-0231,EMP-0075,client_entertainment,39874,submitted,2026-03-11,PRJ-029
EXP-0232,EMP-0114,training,49214,submitted,2026-04-16,PRJ-006
EXP-0233,EMP-0048,travel,8394,pending,2026-06-19,PRJ-009
EXP-0234,EMP-0241,meals,14000,pending,2026-04-12,PRJ-004
EXP-0235,EMP-0025,meals,31210,approved,2026-01-07,PRJ-025
EXP-0236,EMP-0102,telecom,5655,approved,2026-03-09,PRJ-020
EXP-0237,EMP-0040,meals,43115,submitted,2026-03-21,PRJ-008
EXP-0238,EMP-0064,client_entertainment,29242,pending,2026-02-03,PRJ-017
EXP-0239,EMP-0215,software,2072,approved,2026-06-19,PRJ-012
EXP-0240,EMP-0221,training,31405,submitted,2026-05-19,PRJ-030
EXP-0241,EMP-0070,telecom,29353,pending,2026-06-28,PRJ-018
EXP-0242,EMP-0046,miscellaneous,39363,submitted,2026-06-11,PRJ-024
EXP-0243,EMP-0163,miscellaneous,28706,rejected,2026-03-30,PRJ-016
EXP-0244,EMP-0139,hardware,6069,submitted,2026-03-20,PRJ-012
EXP-0245,EMP-0106,client_entertainment,10405,rejected,2026-01-03,PRJ-001
EXP-0246,EMP-0134,software,22736,rejected,2026-05-01,PRJ-018
EXP-0247,EMP-0003,office_supplies,49710,submitted,2026-03-18,PRJ-001
EXP-0248,EMP-0197,transport,19396,pending,2026-07-23,PRJ-001
EXP-0249,EMP-0141,training,12558,submitted,2026-05-24,PRJ-014
EXP-0250,EMP-0102,hardware,10900,submitted,2026-04-07,PRJ-008
EXP-0251,EMP-0068,meals,27871,pending,2026-05-13,PRJ-025
EXP-0252,EMP-0205,miscellaneous,45677,rejected,2026-03-14,PRJ-021
EXP-0253,EMP-0191,telecom,17817,submitted,2026-02-18,PRJ-028
EXP-0254,EMP-0018,software,9153,rejected,2026-01-29,PRJ-021
EXP-0255,EMP-0117,miscellaneous,29872,rejected,2026-06-29,PRJ-020
EXP-0256,EMP-0126,hardware,21213,approved,2026-02-08,PRJ-002
EXP-0257,EMP-0249,telecom,1650,pending,2026-01-27,PRJ-010
EXP-0258,EMP-0069,software,47071,submitted,2026-07-06,PRJ-001
EXP-0259,EMP-0060,meals,10075,approved,2026-05-07,PRJ-007
EXP-0260,EMP-0088,transport,20619,submitted,2026-04-06,PRJ-015
EXP-0261,EMP-0179,travel,21843,approved,2026-07-12,PRJ-005
EXP-0262,EMP-0015,client_entertainment,25917,approved,2026-05-20,PRJ-016
EXP-0263,EMP-0047,hardware,16589,submitted,2026-01-04,PRJ-004
EXP-0264,EMP-0250,hardware,25418,submitted,2026-03-05,PRJ-024
EXP-0265,EMP-0011,hardware,30401,approved,2026-05-14,PRJ-022
EXP-0266,EMP-0054,office_supplies,25701,rejected,2026-03-24,PRJ-006
EXP-0267,EMP-0162,travel,49006,approved,2026-03-06,PRJ-016
EXP-0268,EMP-0164,client_entertainment,13223,rejected,2026-01-14,PRJ-028
EXP-0269,EMP-0171,hardware,7600,pending,2026-06-12,PRJ-014
EXP-0270,EMP-0084,travel,11168,rejected,2026-05-30,PRJ-004
EXP-0271,EMP-0102,hardware,785,approved,2026-05-29,PRJ-026
EXP-0272,EMP-0177,office_supplies,45315,pending,2026-04-06,PRJ-025
EXP-0273,EMP-0023,hardware,10534,submitted,2026-01-24,PRJ-022
EXP-0274,EMP-0159,training,49978,approved,2026-01-16,PRJ-012
EXP-0275,EMP-0166,software,46162,approved,2026-02-02,PRJ-016
EXP-0276,EMP-0060,training,36792,rejected,2026-07-26,PRJ-029
EXP-0277,EMP-0113,hardware,1599,submitted,2026-04-02,PRJ-024
EXP-0278,EMP-0035,client_entertainment,2787,submitted,2026-06-30,PRJ-015
EXP-0279,EMP-0144,client_entertainment,35768,submitted,2026-02-18,PRJ-019
EXP-0280,EMP-0048,telecom,22984,rejected,2026-07-07,PRJ-015
EXP-0281,EMP-0071,miscellaneous,36541,pending,2026-01-18,PRJ-017
EXP-0282,EMP-0040,office_supplies,19577,rejected,2026-05-19,PRJ-012
EXP-0283,EMP-0117,travel,42013,submitted,2026-07-07,PRJ-006
EXP-0284,EMP-0227,travel,40814,rejected,2026-07-18,PRJ-020
EXP-0285,EMP-0062,training,47451,approved,2026-06-18,PRJ-018
EXP-0286,EMP-0210,transport,12643,submitted,2026-07-16,PRJ-018
EXP-0287,EMP-0040,miscellaneous,18755,rejected,2026-04-15,PRJ-021
EXP-0288,EMP-0083,meals,6508,approved,2026-01-12,PRJ-027
EXP-0289,EMP-0241,software,11907,approved,2026-02-21,PRJ-004
EXP-0290,EMP-0125,hardware,6671,approved,2026-05-27,PRJ-021
EXP-0291,EMP-0215,transport,43317,submitted,2026-05-15,PRJ-020
EXP-0292,EMP-0180,miscellaneous,16973,approved,2026-04-04,PRJ-008
EXP-0293,EMP-0156,meals,1057,pending,2026-06-17,PRJ-016
EXP-0294,EMP-0238,meals,30874,approved,2026-04-03,PRJ-018
EXP-0295,EMP-0191,transport,24387,approved,2026-07-30,PRJ-020
EXP-0296,EMP-0069,telecom,2864,approved,2026-03-19,PRJ-003
EXP-0297,EMP-0242,hardware,34244,approved,2026-01-26,PRJ-024
EXP-0298,EMP-0060,telecom,25453,pending,2026-02-19,PRJ-017
EXP-0299,EMP-0169,hardware,37557,pending,2026-05-23,PRJ-024
EXP-0300,EMP-0143,transport,49096,approved,2026-07-16,PRJ-021
EXP-0301,EMP-0148,training,44403,submitted,2026-06-29,PRJ-022
EXP-0302,EMP-0110,meals,11132,pending,2026-05-21,PRJ-013
EXP-0303,EMP-0130,training,43292,pending,2026-05-17,PRJ-020
EXP-0304,EMP-0114,training,20853,rejected,2026-04-06,PRJ-014
EXP-0305,EMP-0196,transport,47770,rejected,2026-06-05,PRJ-008
EXP-0306,EMP-0145,telecom,14219,submitted,2026-07-16,PRJ-018
EXP-0307,EMP-0238,client_entertainment,23793,submitted,2026-04-25,PRJ-013
EXP-0308,EMP-0001,travel,18843,approved,2026-05-13,PRJ-005
EXP-0309,EMP-0228,client_entertainment,630,rejected,2026-02-26,PRJ-007
EXP-0310,EMP-0220,training,1622,rejected,2026-05-22,PRJ-017
EXP-0311,EMP-0143,miscellaneous,37661,pending,2026-01-25,PRJ-002
EXP-0312,EMP-0118,training,10430,pending,2026-03-09,PRJ-012
EXP-0313,EMP-0228,miscellaneous,16574,pending,2026-03-07,PRJ-026
EXP-0314,EMP-0077,meals,37587,submitted,2026-05-26,PRJ-030
EXP-0315,EMP-0056,meals,47620,rejected,2026-07-22,PRJ-016
EXP-0316,EMP-0045,office_supplies,45393,approved,2026-06-02,PRJ-021
EXP-0317,EMP-0077,travel,48093,submitted,2026-01-21,PRJ-025
EXP-0318,EMP-0015,training,23001,submitted,2026-04-17,PRJ-030
EXP-0319,EMP-0223,meals,15058,approved,2026-06-12,PRJ-025
EXP-0320,EMP-0162,transport,3747,rejected,2026-05-15,PRJ-002
EXP-0321,EMP-0082,telecom,37222,pending,2026-03-25,PRJ-017
EXP-0322,EMP-0179,hardware,10239,approved,2026-06-22,PRJ-024
EXP-0323,EMP-0101,office_supplies,49538,approved,2026-02-26,PRJ-014
EXP-0324,EMP-0075,transport,9900,pending,2026-03-28,PRJ-003
EXP-0325,EMP-0122,miscellaneous,49044,approved,2026-05-21,PRJ-013
EXP-0326,EMP-0068,meals,26317,submitted,2026-07-18,PRJ-023
EXP-0327,EMP-0034,software,31717,pending,2026-05-05,PRJ-013
EXP-0328,EMP-0167,miscellaneous,13051,pending,2026-03-04,PRJ-003
EXP-0329,EMP-0069,transport,21395,approved,2026-01-29,PRJ-022
EXP-0330,EMP-0106,transport,24138,rejected,2026-02-18,PRJ-011
EXP-0331,EMP-0089,miscellaneous,43152,approved,2026-07-17,PRJ-010
EXP-0332,EMP-0044,training,40584,submitted,2026-06-09,PRJ-005
EXP-0333,EMP-0113,travel,15501,pending,2026-06-25,PRJ-012
EXP-0334,EMP-0040,meals,7564,approved,2026-03-04,PRJ-020
EXP-0335,EMP-0238,software,19053,approved,2026-03-29,PRJ-023
EXP-0336,EMP-0206,meals,20196,submitted,2026-05-01,PRJ-001
EXP-0337,EMP-0085,hardware,48697,pending,2026-02-22,PRJ-018
EXP-0338,EMP-0134,client_entertainment,36166,submitted,2026-06-09,PRJ-024
EXP-0339,EMP-0037,travel,24881,approved,2026-03-07,PRJ-006
EXP-0340,EMP-0016,client_entertainment,13352,rejected,2026-01-14,PRJ-015
EXP-0341,EMP-0168,travel,4564,submitted,2026-06-19,PRJ-009
EXP-0342,EMP-0170,training,7270,approved,2026-03-16,PRJ-028
EXP-0343,EMP-0227,transport,15349,submitted,2026-05-11,PRJ-023
EXP-0344,EMP-0026,training,31962,approved,2026-02-17,PRJ-007
EXP-0345,EMP-0129,office_supplies,36945,approved,2026-01-11,PRJ-008
EXP-0346,EMP-0237,telecom,20183,rejected,2026-05-06,PRJ-013
EXP-0347,EMP-0191,software,1404,rejected,2026-06-25,PRJ-012
EXP-0348,EMP-0091,client_entertainment,15679,rejected,2026-07-27,PRJ-002
EXP-0349,EMP-0161,client_entertainment,25573,approved,2026-05-23,PRJ-009
EXP-0350,EMP-0058,software,22599,submitted,2026-06-18,PRJ-005
EXP-0351,EMP-0023,transport,34325,pending,2026-04-17,PRJ-008
EXP-0352,EMP-0147,software,28148,rejected,2026-06-04,PRJ-011
EXP-0353,EMP-0115,telecom,8835,pending,2026-06-17,PRJ-005
EXP-0354,EMP-0149,telecom,45029,pending,2026-02-05,PRJ-010
EXP-0355,EMP-0177,telecom,9063,submitted,2026-07-17,PRJ-005
EXP-0356,EMP-0168,miscellaneous,10557,rejected,2026-01-18,PRJ-018
EXP-0357,EMP-0137,meals,12267,rejected,2026-02-07,PRJ-024
EXP-0358,EMP-0008,training,27334,submitted,2026-03-19,PRJ-015
EXP-0359,EMP-0191,client_entertainment,10158,pending,2026-01-28,PRJ-005
EXP-0360,EMP-0048,travel,40306,rejected,2026-06-05,PRJ-019
EXP-0361,EMP-0157,hardware,39283,pending,2026-03-01,PRJ-022
EXP-0362,EMP-0007,training,5408,submitted,2026-02-04,PRJ-017
EXP-0363,EMP-0217,miscellaneous,30920,rejected,2026-02-17,PRJ-028
EXP-0364,EMP-0100,office_supplies,31254,pending,2026-02-11,PRJ-007
EXP-0365,EMP-0058,travel,26977,approved,2026-03-11,PRJ-014
EXP-0366,EMP-0057,hardware,49861,pending,2026-01-17,PRJ-006
EXP-0367,EMP-0238,office_supplies,40639,submitted,2026-06-26,PRJ-011
EXP-0368,EMP-0222,office_supplies,16373,submitted,2026-04-14,PRJ-025
EXP-0369,EMP-0105,miscellaneous,48390,submitted,2026-07-04,PRJ-011
EXP-0370,EMP-0101,miscellaneous,48858,approved,2026-05-14,PRJ-004
EXP-0371,EMP-0116,office_supplies,2979,pending,2026-05-13,PRJ-018
EXP-0372,EMP-0102,travel,36749,submitted,2026-05-13,PRJ-025
EXP-0373,EMP-0162,travel,12642,rejected,2026-04-23,PRJ-013
EXP-0374,EMP-0227,client_entertainment,18937,submitted,2026-02-12,PRJ-014
EXP-0375,EMP-0076,miscellaneous,3774,pending,2026-04-29,PRJ-027
EXP-0376,EMP-0166,office_supplies,6127,approved,2026-02-16,PRJ-025
EXP-0377,EMP-0150,telecom,9067,submitted,2026-04-16,PRJ-011
EXP-0378,EMP-0116,travel,11922,submitted,2026-06-01,PRJ-029
EXP-0379,EMP-0183,hardware,29998,approved,2026-03-06,PRJ-011
EXP-0380,EMP-0178,software,47279,approved,2026-01-24,PRJ-004
EXP-0381,EMP-0181,office_supplies,41754,rejected,2026-01-22,PRJ-017
EXP-0382,EMP-0182,transport,47836,pending,2026-04-07,PRJ-018
EXP-0383,EMP-0098,travel,11399,rejected,2026-05-25,PRJ-028
EXP-0384,EMP-0169,software,10824,pending,2026-02-15,PRJ-025
EXP-0385,EMP-0183,travel,27697,rejected,2026-03-21,PRJ-024
EXP-0386,EMP-0197,office_supplies,19125,pending,2026-01-31,PRJ-029
EXP-0387,EMP-0034,hardware,431,rejected,2026-01-04,PRJ-015
EXP-0388,EMP-0128,office_supplies,35818,approved,2026-06-05,PRJ-029
EXP-0389,EMP-0127,hardware,14413,submitted,2026-04-27,PRJ-014
EXP-0390,EMP-0114,meals,39601,approved,2026-03-04,PRJ-029
EXP-0391,EMP-0141,client_entertainment,40816,pending,2026-01-13,PRJ-006
EXP-0392,EMP-0038,travel,43013,rejected,2026-01-10,PRJ-005
EXP-0393,EMP-0219,travel,43912,rejected,2026-03-26,PRJ-030
EXP-0394,EMP-0023,travel,7336,submitted,2026-02-15,PRJ-006
EXP-0395,EMP-0173,client_entertainment,40248,pending,2026-04-27,PRJ-024
EXP-0396,EMP-0149,training,2548,approved,2026-07-16,PRJ-010
EXP-0397,EMP-0083,training,25034,approved,2026-07-14,PRJ-014
EXP-0398,EMP-0216,telecom,4454,rejected,2026-05-01,PRJ-005
EXP-0399,EMP-0032,client_entertainment,21775,submitted,2026-05-15,PRJ-007
EXP-0400,EMP-0179,hardware,40311,approved,2026-01-28,PRJ-019
EXP-0401,EMP-0187,telecom,5945,submitted,2026-07-05,PRJ-023
EXP-0402,EMP-0155,client_entertainment,28187,rejected,2026-03-08,PRJ-017
EXP-0403,EMP-0148,miscellaneous,23390,pending,2026-06-07,PRJ-019
EXP-0404,EMP-0128,telecom,47987,submitted,2026-05-07,PRJ-026
EXP-0405,EMP-0047,miscellaneous,15451,rejected,2026-02-19,PRJ-001
EXP-0406,EMP-0031,travel,30666,approved,2026-07-08,PRJ-028
EXP-0407,EMP-0054,miscellaneous,27373,submitted,2026-01-12,PRJ-011
EXP-0408,EMP-0090,telecom,41979,pending,2026-01-03,PRJ-021
EXP-0409,EMP-0052,client_entertainment,16873,approved,2026-03-20,PRJ-010
EXP-0410,EMP-0130,telecom,21428,approved,2026-01-30,PRJ-022
EXP-0411,EMP-0086,training,26155,approved,2026-02-14,PRJ-007
EXP-0412,EMP-0085,training,44271,submitted,2026-05-02,PRJ-026
EXP-0413,EMP-0104,software,31755,pending,2026-06-10,PRJ-015
EXP-0414,EMP-0229,telecom,22161,submitted,2026-07-20,PRJ-027
EXP-0415,EMP-0106,travel,34349,rejected,2026-05-25,PRJ-024
EXP-0416,EMP-0174,training,36584,approved,2026-02-23,PRJ-019
EXP-0417,EMP-0176,training,23373,approved,2026-02-08,PRJ-009
EXP-0418,EMP-0216,travel,22426,submitted,2026-06-10,PRJ-018
EXP-0419,EMP-0216,software,37619,submitted,2026-02-17,PRJ-020
EXP-0420,EMP-0030,client_entertainment,46420,rejected,2026-07-01,PRJ-002
EXP-0421,EMP-0070,transport,5888,submitted,2026-03-02,PRJ-012
EXP-0422,EMP-0116,client_entertainment,14364,rejected,2026-02-14,PRJ-004
EXP-0423,EMP-0096,travel,13444,approved,2026-04-24,PRJ-017
EXP-0424,EMP-0007,office_supplies,32971,pending,2026-02-18,PRJ-011
EXP-0425,EMP-0237,office_supplies,48201,rejected,2026-07-18,PRJ-011
EXP-0426,EMP-0037,meals,34026,pending,2026-02-22,PRJ-024
EXP-0427,EMP-0104,office_supplies,25600,approved,2026-01-02,PRJ-010
EXP-0428,EMP-0239,travel,45226,approved,2026-03-27,PRJ-015
EXP-0429,EMP-0228,travel,6956,rejected,2026-01-06,PRJ-019
EXP-0430,EMP-0195,client_entertainment,42067,pending,2026-03-24,PRJ-007
EXP-0431,EMP-0050,client_entertainment,18330,rejected,2026-07-17,PRJ-015
EXP-0432,EMP-0172,meals,18068,pending,2026-02-10,PRJ-009
EXP-0433,EMP-0030,travel,41025,approved,2026-02-22,PRJ-018
EXP-0434,EMP-0090,telecom,21072,rejected,2026-02-06,PRJ-023
EXP-0435,EMP-0206,client_entertainment,37823,pending,2026-02-13,PRJ-003
EXP-0436,EMP-0080,miscellaneous,22399,submitted,2026-01-13,PRJ-005
EXP-0437,EMP-0008,office_supplies,44469,approved,2026-01-28,PRJ-013
EXP-0438,EMP-0014,meals,28148,submitted,2026-02-15,PRJ-023
EXP-0439,EMP-0153,miscellaneous,41452,submitted,2026-06-07,PRJ-012
EXP-0440,EMP-0080,training,13185,approved,2026-07-13,PRJ-025
EXP-0441,EMP-0120,miscellaneous,8837,approved,2026-07-28,PRJ-026
EXP-0442,EMP-0236,office_supplies,6574,submitted,2026-03-21,PRJ-022
EXP-0443,EMP-0165,office_supplies,31037,pending,2026-02-27,PRJ-005
EXP-0444,EMP-0221,miscellaneous,17111,rejected,2026-04-11,PRJ-006
EXP-0445,EMP-0180,training,21483,submitted,2026-05-05,PRJ-001
EXP-0446,EMP-0017,office_supplies,7598,rejected,2026-05-03,PRJ-015
EXP-0447,EMP-0217,software,18698,rejected,2026-06-04,PRJ-019
EXP-0448,EMP-0033,telecom,6945,submitted,2026-07-29,PRJ-023
EXP-0449,EMP-0204,meals,21556,approved,2026-07-22,PRJ-010
EXP-0450,EMP-0137,office_supplies,26467,submitted,2026-03-03,PRJ-020
EXP-0451,EMP-0063,telecom,10621,submitted,2026-04-09,PRJ-003
EXP-0452,EMP-0088,hardware,45685,submitted,2026-07-20,PRJ-014
EXP-0453,EMP-0146,training,35886,pending,2026-02-14,PRJ-022
EXP-0454,EMP-0172,meals,48655,submitted,2026-01-30,PRJ-019
EXP-0455,EMP-0153,office_supplies,21523,approved,2026-07-30,PRJ-015
EXP-0456,EMP-0046,client_entertainment,26794,approved,2026-06-03,PRJ-004
EXP-0457,EMP-0176,miscellaneous,25032,rejected,2026-05-07,PRJ-021
EXP-0458,EMP-0170,travel,6133,pending,2026-07-29,PRJ-005
EXP-0459,EMP-0228,miscellaneous,49678,approved,2026-07-13,PRJ-005
EXP-0460,EMP-0170,software,29886,rejected,2026-04-10,PRJ-020
EXP-0461,EMP-0148,office_supplies,13023,pending,2026-06-24,PRJ-029
EXP-0462,EMP-0082,client_entertainment,37573,rejected,2026-04-22,PRJ-023
EXP-0463,EMP-0235,training,6051,approved,2026-06-06,PRJ-017
EXP-0464,EMP-0104,software,19479,approved,2026-04-05,PRJ-029
EXP-0465,EMP-0141,travel,255,rejected,2026-01-29,PRJ-028
EXP-0466,EMP-0073,travel,15616,submitted,2026-06-29,PRJ-019
EXP-0467,EMP-0101,training,46846,submitted,2026-04-14,PRJ-013
EXP-0468,EMP-0112,telecom,14042,pending,2026-05-02,PRJ-005
EXP-0469,EMP-0049,telecom,25404,rejected,2026-04-17,PRJ-005
EXP-0470,EMP-0074,software,9000,approved,2026-01-19,PRJ-021
EXP-0471,EMP-0005,software,47473,submitted,2026-06-18,PRJ-014
EXP-0472,EMP-0250,software,5748,pending,2026-06-14,PRJ-026
EXP-0473,EMP-0107,office_supplies,45773,submitted,2026-06-09,PRJ-006
EXP-0474,EMP-0117,telecom,27995,submitted,2026-04-09,PRJ-012
EXP-0475,EMP-0058,software,28037,approved,2026-05-28,PRJ-016
EXP-0476,EMP-0217,hardware,46870,rejected,2026-04-16,PRJ-030
EXP-0477,EMP-0140,miscellaneous,24249,approved,2026-01-10,PRJ-019
EXP-0478,EMP-0124,training,7616,submitted,2026-06-26,PRJ-003
EXP-0479,EMP-0037,telecom,49390,rejected,2026-04-30,PRJ-017
EXP-0480,EMP-0021,telecom,40181,approved,2026-03-04,PRJ-016
EXP-0481,EMP-0162,meals,45031,rejected,2026-06-06,PRJ-002
EXP-0482,EMP-0232,training,35263,approved,2026-05-01,PRJ-015
EXP-0483,EMP-0132,office_supplies,37815,rejected,2026-04-18,PRJ-012
EXP-0484,EMP-0246,client_entertainment,19153,pending,2026-01-10,PRJ-023
EXP-0485,EMP-0237,miscellaneous,49314,rejected,2026-07-06,PRJ-026
EXP-0486,EMP-0145,client_entertainment,4225,submitted,2026-05-29,PRJ-006
EXP-0487,EMP-0147,travel,43212,rejected,2026-07-27,PRJ-024
EXP-0488,EMP-0160,travel,18996,submitted,2026-01-22,PRJ-005
EXP-0489,EMP-0130,meals,18409,rejected,2026-02-03,PRJ-020
EXP-0490,EMP-0072,client_entertainment,17039,approved,2026-07-09,PRJ-004
EXP-0491,EMP-0155,software,38982,pending,2026-06-18,PRJ-015
EXP-0492,EMP-0095,software,17321,pending,2026-05-05,PRJ-006
EXP-0493,EMP-0205,telecom,2368,rejected,2026-01-22,PRJ-005
EXP-0494,EMP-0153,software,32702,submitted,2026-07-17,PRJ-013
EXP-0495,EMP-0061,office_supplies,47779,pending,2026-02-23,PRJ-019
EXP-0496,EMP-0188,training,3760,rejected,2026-07-13,PRJ-027
EXP-0497,EMP-0030,travel,11183,submitted,2026-04-13,PRJ-016
EXP-0498,EMP-0078,office_supplies,49099,pending,2026-04-08,PRJ-022
EXP-0499,EMP-0181,transport,31302,rejected,2026-02-07,PRJ-017
EXP-0500,EMP-0223,transport,977,rejected,2026-07-24,PRJ-015
EXP-0501,EMP-0098,training,34950,approved,2026-01-25,PRJ-030
EXP-0502,EMP-0137,training,28497,rejected,2026-03-27,PRJ-009
EXP-0503,EMP-0069,meals,16934,submitted,2026-04-29,PRJ-025
EXP-0504,EMP-0173,hardware,48323,pending,2026-05-14,PRJ-011
EXP-0505,EMP-0174,software,20730,approved,2026-06-22,PRJ-001
EXP-0506,EMP-0213,meals,983,submitted,2026-01-26,PRJ-017
EXP-0507,EMP-0027,office_supplies,23236,pending,2026-07-05,PRJ-010
EXP-0508,EMP-0065,hardware,2430,approved,2026-06-08,PRJ-003
EXP-0509,EMP-0015,miscellaneous,43231,pending,2026-06-03,PRJ-021
EXP-0510,EMP-0032,meals,5861,pending,2026-04-07,PRJ-022
EXP-0511,EMP-0196,miscellaneous,12308,approved,2026-06-28,PRJ-006
EXP-0512,EMP-0065,client_entertainment,30802,approved,2026-06-13,PRJ-015
EXP-0513,EMP-0237,client_entertainment,28182,rejected,2026-03-07,PRJ-006
EXP-0514,EMP-0200,meals,18372,approved,2026-04-08,PRJ-013
EXP-0515,EMP-0086,travel,17123,rejected,2026-02-15,PRJ-015
EXP-0516,EMP-0018,office_supplies,13351,submitted,2026-02-15,PRJ-021
EXP-0517,EMP-0126,meals,9628,submitted,2026-02-25,PRJ-020
EXP-0518,EMP-0165,meals,29139,rejected,2026-01-27,PRJ-002
EXP-0519,EMP-0019,meals,37643,rejected,2026-07-18,PRJ-015
EXP-0520,EMP-0005,office_supplies,9955,approved,2026-01-10,PRJ-022
EXP-0521,EMP-0100,client_entertainment,10135,rejected,2026-04-11,PRJ-019
EXP-0522,EMP-0001,telecom,46573,submitted,2026-05-03,PRJ-014
EXP-0523,EMP-0104,meals,35597,pending,2026-01-01,PRJ-013
EXP-0524,EMP-0245,office_supplies,8143,rejected,2026-03-27,PRJ-022
EXP-0525,EMP-0078,transport,3817,approved,2026-04-04,PRJ-018
EXP-0526,EMP-0219,training,5472,submitted,2026-07-14,PRJ-025
EXP-0527,EMP-0075,hardware,11774,approved,2026-04-09,PRJ-022
EXP-0528,EMP-0049,client_entertainment,45805,submitted,2026-01-28,PRJ-021
EXP-0529,EMP-0177,training,32083,approved,2026-06-11,PRJ-015
EXP-0530,EMP-0189,hardware,9371,approved,2026-02-19,PRJ-001
EXP-0531,EMP-0185,miscellaneous,15829,submitted,2026-04-10,PRJ-003
EXP-0532,EMP-0203,telecom,42366,rejected,2026-05-08,PRJ-018
EXP-0533,EMP-0248,office_supplies,1275,approved,2026-03-28,PRJ-002
EXP-0534,EMP-0087,travel,26775,approved,2026-02-24,PRJ-026
EXP-0535,EMP-0168,telecom,30239,pending,2026-07-09,PRJ-019
EXP-0536,EMP-0060,meals,2616,pending,2026-05-06,PRJ-021
EXP-0537,EMP-0005,office_supplies,40725,approved,2026-03-04,PRJ-023
EXP-0538,EMP-0167,software,1141,pending,2026-06-11,PRJ-002
EXP-0539,EMP-0232,client_entertainment,6576,submitted,2026-06-06,PRJ-006
EXP-0540,EMP-0214,miscellaneous,4391,approved,2026-01-30,PRJ-016
EXP-0541,EMP-0153,miscellaneous,14655,approved,2026-07-25,PRJ-007
EXP-0542,EMP-0110,training,48560,submitted,2026-03-25,PRJ-004
EXP-0543,EMP-0250,miscellaneous,35975,pending,2026-03-24,PRJ-027
EXP-0544,EMP-0247,hardware,3187,pending,2026-03-27,PRJ-003
EXP-0545,EMP-0031,client_entertainment,9456,submitted,2026-02-13,PRJ-023
EXP-0546,EMP-0095,telecom,11013,submitted,2026-03-04,PRJ-030
EXP-0547,EMP-0149,travel,8940,approved,2026-07-22,PRJ-028
EXP-0548,EMP-0162,miscellaneous,24850,pending,2026-01-05,PRJ-029
EXP-0549,EMP-0125,meals,616,approved,2026-02-15,PRJ-030
EXP-0550,EMP-0023,miscellaneous,18794,submitted,2026-06-27,PRJ-026
EXP-0551,EMP-0203,office_supplies,45574,pending,2026-02-22,PRJ-005
EXP-0552,EMP-0164,client_entertainment,34481,submitted,2026-04-16,PRJ-008
EXP-0553,EMP-0241,software,40212,approved,2026-06-02,PRJ-006
EXP-0554,EMP-0184,office_supplies,40311,approved,2026-06-10,PRJ-027
EXP-0555,EMP-0201,client_entertainment,22996,submitted,2026-01-02,PRJ-018
EXP-0556,EMP-0061,hardware,7900,approved,2026-06-08,PRJ-012
EXP-0557,EMP-0221,telecom,33462,pending,2026-04-29,PRJ-025
EXP-0558,EMP-0161,hardware,18315,approved,2026-02-19,PRJ-004
EXP-0559,EMP-0204,software,45108,submitted,2026-05-08,PRJ-006
EXP-0560,EMP-0041,travel,3740,rejected,2026-03-14,PRJ-007
EXP-0561,EMP-0112,client_entertainment,22108,submitted,2026-01-12,PRJ-004
EXP-0562,EMP-0190,travel,35416,pending,2026-02-10,PRJ-026
EXP-0563,EMP-0008,office_supplies,33944,approved,2026-01-19,PRJ-029
EXP-0564,EMP-0061,office_supplies,39043,rejected,2026-04-18,PRJ-007
EXP-0565,EMP-0192,training,15277,approved,2026-03-25,PRJ-008
EXP-0566,EMP-0026,hardware,48549,submitted,2026-02-21,PRJ-013
EXP-0567,EMP-0229,hardware,5018,submitted,2026-05-30,PRJ-016
EXP-0568,EMP-0014,transport,9698,pending,2026-06-06,PRJ-015
EXP-0569,EMP-0046,transport,24676,pending,2026-04-28,PRJ-024
EXP-0570,EMP-0050,training,17874,pending,2026-03-27,PRJ-005
EXP-0571,EMP-0011,miscellaneous,4109,rejected,2026-02-04,PRJ-004
EXP-0572,EMP-0219,office_supplies,30253,submitted,2026-02-13,PRJ-025
EXP-0573,EMP-0088,hardware,19543,pending,2026-07-22,PRJ-026
EXP-0574,EMP-0164,miscellaneous,11336,pending,2026-01-23,PRJ-014
EXP-0575,EMP-0220,telecom,32261,pending,2026-06-01,PRJ-016
EXP-0576,EMP-0215,office_supplies,18495,approved,2026-07-06,PRJ-014
EXP-0577,EMP-0189,hardware,16441,rejected,2026-04-22,PRJ-019
EXP-0578,EMP-0057,miscellaneous,9962,approved,2026-04-17,PRJ-002
EXP-0579,EMP-0105,office_supplies,48269,approved,2026-04-19,PRJ-017
EXP-0580,EMP-0101,office_supplies,45855,approved,2026-04-26,PRJ-016
EXP-0581,EMP-0062,meals,36801,approved,2026-06-27,PRJ-024
EXP-0582,EMP-0105,hardware,8897,rejected,2026-03-17,PRJ-008
EXP-0583,EMP-0166,meals,1243,submitted,2026-06-21,PRJ-010
EXP-0584,EMP-0042,office_supplies,37580,approved,2026-04-27,PRJ-015
EXP-0585,EMP-0198,software,46280,submitted,2026-02-17,PRJ-026
EXP-0586,EMP-0224,training,41278,submitted,2026-06-30,PRJ-021
EXP-0587,EMP-0001,meals,25423,rejected,2026-05-16,PRJ-002
EXP-0588,EMP-0076,transport,49541,rejected,2026-06-28,PRJ-020
EXP-0589,EMP-0139,miscellaneous,13775,approved,2026-06-08,PRJ-029
EXP-0590,EMP-0086,travel,33933,rejected,2026-01-14,PRJ-004
EXP-0591,EMP-0099,training,30697,approved,2026-04-04,PRJ-012
EXP-0592,EMP-0045,telecom,46394,approved,2026-05-24,PRJ-023
EXP-0593,EMP-0199,hardware,9270,rejected,2026-03-03,PRJ-018
EXP-0594,EMP-0030,office_supplies,48524,pending,2026-07-12,PRJ-024
EXP-0595,EMP-0195,hardware,21201,rejected,2026-03-10,PRJ-017
EXP-0596,EMP-0175,transport,18362,approved,2026-01-17,PRJ-012
EXP-0597,EMP-0089,office_supplies,32065,approved,2026-05-01,PRJ-023
EXP-0598,EMP-0137,telecom,19353,submitted,2026-06-08,PRJ-012
EXP-0599,EMP-0205,meals,12543,submitted,2026-01-23,PRJ-003
EXP-0600,EMP-0101,software,19098,approved,2026-01-28,PRJ-006
EXP-0601,EMP-0071,meals,45883,pending,2026-05-08,PRJ-005
EXP-0602,EMP-0224,hardware,34323,approved,2026-03-17,PRJ-014
EXP-0603,EMP-0249,telecom,8852,submitted,2026-03-30,PRJ-014
EXP-0604,EMP-0114,travel,19304,pending,2026-01-17,PRJ-001
EXP-0605,EMP-0224,hardware,34253,rejected,2026-04-16,PRJ-019
EXP-0606,EMP-0088,training,32060,submitted,2026-04-28,PRJ-010
EXP-0607,EMP-0146,software,20286,pending,2026-07-22,PRJ-009
EXP-0608,EMP-0059,office_supplies,24572,rejected,2026-07-17,PRJ-028
EXP-0609,EMP-0013,software,23342,rejected,2026-04-27,PRJ-006
EXP-0610,EMP-0159,software,46849,rejected,2026-02-16,PRJ-006
EXP-0611,EMP-0215,software,10767,pending,2026-01-30,PRJ-002
EXP-0612,EMP-0082,miscellaneous,8488,submitted,2026-03-08,PRJ-012
EXP-0613,EMP-0048,hardware,37063,approved,2026-06-20,PRJ-011
EXP-0614,EMP-0089,software,24639,submitted,2026-05-19,PRJ-006
EXP-0615,EMP-0137,client_entertainment,8161,approved,2026-04-14,PRJ-030
EXP-0616,EMP-0128,software,30218,rejected,2026-02-09,PRJ-001
EXP-0617,EMP-0249,telecom,33453,rejected,2026-06-15,PRJ-023
EXP-0618,EMP-0076,office_supplies,19194,pending,2026-07-24,PRJ-019
EXP-0619,EMP-0187,office_supplies,22396,approved,2026-07-07,PRJ-016
EXP-0620,EMP-0231,travel,9337,approved,2026-03-20,PRJ-001
EXP-0621,EMP-0103,miscellaneous,14641,submitted,2026-04-02,PRJ-003
EXP-0622,EMP-0084,travel,40055,pending,2026-05-30,PRJ-017
EXP-0623,EMP-0057,client_entertainment,13026,approved,2026-01-22,PRJ-018
EXP-0624,EMP-0218,office_supplies,44572,approved,2026-05-12,PRJ-013
EXP-0625,EMP-0050,office_supplies,21024,approved,2026-06-20,PRJ-012
EXP-0626,EMP-0102,software,47121,submitted,2026-04-05,PRJ-013
EXP-0627,EMP-0096,travel,18854,rejected,2026-03-31,PRJ-010
EXP-0628,EMP-0115,telecom,5940,pending,2026-07-06,PRJ-029
EXP-0629,EMP-0114,transport,29199,rejected,2026-02-11,PRJ-026
EXP-0630,EMP-0187,transport,47949,submitted,2026-02-05,PRJ-027
EXP-0631,EMP-0151,miscellaneous,5841,pending,2026-02-23,PRJ-010
EXP-0632,EMP-0122,telecom,22181,approved,2026-06-01,PRJ-025
EXP-0633,EMP-0097,meals,633,submitted,2026-06-13,PRJ-030
EXP-0634,EMP-0070,transport,11661,submitted,2026-07-01,PRJ-019
EXP-0635,EMP-0194,software,13258,pending,2026-04-08,PRJ-010
EXP-0636,EMP-0142,office_supplies,2967,rejected,2026-05-30,PRJ-010
EXP-0637,EMP-0127,telecom,48687,submitted,2026-02-27,PRJ-001
EXP-0638,EMP-0203,travel,10294,rejected,2026-03-18,PRJ-021
EXP-0639,EMP-0214,office_supplies,8338,rejected,2026-04-17,PRJ-006
EXP-0640,EMP-0126,hardware,2064,approved,2026-07-15,PRJ-009
EXP-0641,EMP-0127,meals,39448,rejected,2026-05-29,PRJ-016
EXP-0642,EMP-0145,transport,17102,submitted,2026-06-27,PRJ-027
EXP-0643,EMP-0031,training,33788,approved,2026-03-08,PRJ-006
EXP-0644,EMP-0149,travel,9777,rejected,2026-04-29,PRJ-029
EXP-0645,EMP-0178,software,23621,pending,2026-01-14,PRJ-009
EXP-0646,EMP-0093,transport,41897,rejected,2026-01-13,PRJ-010
EXP-0647,EMP-0075,telecom,42073,approved,2026-05-12,PRJ-007
EXP-0648,EMP-0197,software,6393,pending,2026-05-20,PRJ-011
EXP-0649,EMP-0224,training,45090,rejected,2026-03-11,PRJ-022
EXP-0650,EMP-0179,training,6480,rejected,2026-07-30,PRJ-005
EXP-0651,EMP-0004,software,34158,rejected,2026-04-06,PRJ-025
